{"count": 16, "results": [{"id": 1, "name": "SMELLS LIKE A NEW CASE", "description": "It appeared to be just another day in the city of Akhaem.\r\nThe early afternoon sky was bleak, and the clouds were drifting sluggishly toward an early sunset.\r\nThe humdrum and commonplace, however, seemed to end at that.\r\n\r\nAs you enter the well-kept apartment of **Brian Johnson**, the police officers brief you on the little they know about his mysterious death.\r\nHe was found with a bullet in his temple, in a pool of his blood.\r\nThe shattered window and the position of his study indicate that he was sniped while at his table.\r\n\r\nYou knew Johnson.\r\nEveryone did.\r\nHe, along with his college best friend, **Henry Miller**, made quite a fortune with their online jobs platform, **Callidr**.\r\nOther than their use of a chatbot to link users with service providers, very little is known about their technology.\r\nThe company grew to fame when **Christopher Wade**, one of the leading businessmen of the city made a huge investment in the early stages of the company.\r\nHe has been an executive member ever since.\r\n\r\nUnfortunately, the entire situation is very tragic.\r\nThere has been a hike in people randomly being shot in their homes and places of work.\r\nMiller's sister and he himself were found dead on two separate occasions.\r\n\r\nThere seems to be a lot of work to be done.\r\nYou might even need to contact your **senior** officers.\r\nIt would be a good idea to **call** a **forensic scientist** and **admit** them to this case.\r\nAlways remember that sticking to your **roots** is how you **graduated** the police academy.", "max_attempts": 0, "value": 1, "category": "", "type": "standard", "state": "visible", "requirements": null}, {"id": 2, "name": "OPEN SOURCED", "description": "J**o**hnson's laptop was logged on.\r\nIt seemed as if he was l**o**oking at the codebase of their open-sourced technology, **S.I.E.R.R.A**.\r\n\r\nThe **Super Intelligent Emotion Recognition and Receptive Analyser** can understand your sentiment and your material needs.\r\nIt matches you with service providers that can help you.\r\n\r\nAlthough they created the so**f**tware for their platform, they released it to the public.\r\nThere are thousands o**f** active users of the chatbot.\r\n\r\nWhat we care ab**o**ut is the link between S.I.E.R.R.A and Callidr.\r\nThey are linked by an **API KEY**.\r\n\r\nFinding it will be quite a time c**o**nsuming task; you might break a **sweat**.\r\nLook for any fire**wall**s that might block your **shots**.\r\nHopefully, you pass this task with flying **colors**.\r\nDon't forget to put the initial **code** through an **MD5** hash first.\r\n", "max_attempts": 0, "value": 1, "category": "", "type": "standard", "state": "visible", "requirements": {"prerequisites": [1]}}, {"id": 3, "name": "WHAT'S IN THE SAFE?", "description": "There is a small **cube** shaped safe near his library.\r\n\r\nHe seems to read a lot of books, especially biographies.\r\nYou find books detailing the lives of Neil **Armstrong**, Mother Theresa, Mahatma Gandhi, Elon Musk, and Warren Buffet.\r\nHe also read a lot of astronomy, financial **math** and history.\r\nHis varied interests reminded you of a quote.\r\n_The **sum** of things to be known is inexhaustible, and however long we read, we shall never come to the end of our story-book_\r\n\r\nThe safe has a **3-digit** lock.\r\nFinding the three special numbers could take a while.\r\n", "max_attempts": 0, "value": 1, "category": "", "type": "standard", "state": "visible", "requirements": {"prerequisites": [1]}}, {"id": 4, "name": "LOST IN TRANSLATION", "description": "On inspecting his phone you are surprised to find its user interface in **Japanese**.\r\nThere seems to be a setting to switch it to English.\r\nHowever, this requires a **code**.\r\n\r\nYou gather Johnson's academic records to relate his obsession with the language.\r\nUnfortunately, the data is corrupted and includes many other individuals' **course** history.\r\n", "max_attempts": 0, "value": 1, "category": "", "type": "standard", "state": "visible", "requirements": {"prerequisites": [1]}}, {"id": 5, "name": "UNLOCKED", "description": "You recovered the logs created by S.I.E.R.R.A for Callidr.\r\n\r\n**Reverse** the encryption and find the **most common service**, requested on the platform.\r\n", "max_attempts": 0, "value": 1, "category": "", "type": "standard", "state": "visible", "requirements": {"prerequisites": [2]}}, {"id": 6, "name": "SWEETHEART", "description": "After analyzing his credit card transactions, you learn that Johnson purchased an **$8000** engagement ring at **Diva Jewellers**.\r\nThe discussions with the salesman only tell you that he bought it for his **sweetheart**\r\n\r\nVery little is known about his personal life.\r\nMaybe his **phone** records can help you find this mystery **girl**?\r\n", "max_attempts": 0, "value": 1, "category": "", "type": "standard", "state": "visible", "requirements": {"prerequisites": [4]}}, {"id": 7, "name": "A QUICK GAME", "description": "While interrogating some of his friends you find out a very interesting fact about Johnson.\r\nHe was a very good poker player.\r\n\r\nHis ability to read his opponents extremely well gave him an **advantage**.\r\nEven if you had a few **aces** up your sleeve, you wouldn't be able to **break** him.\r\nSometimes you would even make a **forced error**.\r\n\r\nMost of his friends tell you about a game he played a few months back.\r\nHe, along with Miller, faced John P. **Heriot** and **Watt** Podolski **9 o'clock** at the **Royal Casino**.\r\nNeedless to say, it was a crushing defeat for their opponents.\r\n\r\nMaybe the manager of the casino can help you.\r\nCheck for his **number** and make the call.\r\n", "max_attempts": 0, "value": 1, "category": "", "type": "standard", "state": "visible", "requirements": {"prerequisites": [5]}}, {"id": 8, "name": "CONSIGLIERE", "description": "From the information gathered so far:\r\n\r\n- Johnson and Carolyn Miller were in a relationship.\r\n  Johnson planned to propose to her.\r\n- Carolyn Miller and Henry Miller are siblings.\r\n\r\nAfter scanning the chat records from his phone, you find that Mr. Miller and Johnson had a **fight** on the 20th of December 2019.\r\nSoon after, Johnson has an appointment with Wade.\r\nThe details of the appointment are yet to be tracked.\r\n\r\nA week later, Johnson is employed at **Wade Industries** as a top **financial advisor**.\r\n\r\nPerhaps most perplexing of all, you find - after going through S.I.E.R.R.A's logs - that Callidr was a platform where users could hire **hitmen**.\r\nThis could be the work of a **mob**.\r\nObviously not be the **godfather** himself.\r\n\r\nInterestingly, 2 men, **Larry Davis** and **Vernon Williams**, who were close friends of Wade, were also found dead.\r\nAlthough it may be purely circumstantial, their deaths are right after the surge in popularity of Callidr.\r\nWithout his involvement, the platform would not have taken off.\r\nChristopher Wade is now a lead suspect.\r\n\r\nAfter interrogating his employees, you are surprised to find that Wade was very fond of Johnson.\r\nIn fact, he tried him like one of his own **family** and made him his **right-hand man**.\r\n\r\nAll this work must be making you **hungry**.\r\nFancy an **orange**?\r\n\r\nLooking at the users who were interested in finding a **hitman** on Callidr would be a good start.\r\n", "max_attempts": 0, "value": 1, "category": "", "type": "standard", "state": "visible", "requirements": {"prerequisites": [5, 6]}}, {"id": 9, "name": "RESEARCH", "description": "You are delighted to find out that Carolyn Miller is Johnson's sweetheart.\r\nShe is also Henry Miller's younger sister.\r\n\r\nYou go through her personal diary, after meeting with the heartbroken family.\r\n\r\nA few days before Christmas, the two boys had a huge argument about the ethics of using a chatbot.\r\nA lot of organizations use these agents to improve their business.\r\nShe must not be showing us the entire picture.\r\n\r\nA few weeks after the fight, she had a meeting with a therapist, **Dr. James Peebles**.\r\nIn her diary, she describes how she feels a tension pulling her apart.\r\nPerhaps the therapist might know the nature of this problem.\r\n\r\nA little research on Dr. Peebles highlights that he was a **microbiologist** before switching fields.\r\nLocate the **therapist** and find out what he is **looking at**.\r\nYou need to put things in someone else's **perspective**.\r\n", "max_attempts": 0, "value": 1, "category": "", "type": "standard", "state": "visible", "requirements": {"prerequisites": [6]}}, {"id": 10, "name": "OFFENDER", "description": "Larry Davis was a convicted sex offender.\r\nMaybe Wade was trying to hide something. A shameful past perhaps?\r\nDon't get carried away with conspiracy theories.\r\n\r\nYou try to access his emails.\r\n\r\nFortunately, his security question is quite simple:\r\n\r\n**Q** : What is your favorite **flower**?\r\n\r\n**Hint** : How could you forget?\r\nYou **plucked** it near the university **gate** back in your youth.\r\nIt's what you gave your then college girlfriend on your first date.\r\nToo bad the marriage didn't work out.\r\nShe was your **golden** girl.\r\n", "max_attempts": 0, "value": 1, "category": "", "type": "standard", "state": "visible", "requirements": {"prerequisites": [8]}}, {"id": 11, "name": "OLD FRIENDS", "description": "Vernon Williams was a close friend of Wade during their early 30s.\r\nThings took a turn when Wade kicked Williams out of the company.\r\n\r\nIn an interview, Williams mentioned that he didn't take things personally.\r\nHe cracked that he still drove the **Mitsubishi D 1730** that they bought together.\r\n\r\nYou think about your friend.\r\nIt's good to have them.\r\nFriends always bring you **up** when you are **down**.\r\n\r\nFind Williams' **emergency** contact number.\r\nThey might be helpful in the investigation.\r\n", "max_attempts": 0, "value": 1, "category": "", "type": "standard", "state": "visible", "requirements": {"prerequisites": [8]}}, {"id": 12, "name": "GOLDEN GIRL", "description": "Unfortunately, Mrs. Davis filed for divorce after the revelations about her husband.\r\nShe also changed her entire name, making her very difficult to trace.\r\n\r\nLook for anything odd in the yellow pages that might reveal her new name.\r\n", "max_attempts": 0, "value": 1, "category": "", "type": "standard", "state": "visible", "requirements": {"prerequisites": [10]}}, {"id": 13, "name": "A COMMON ENEMY", "description": "After investigating the cases of Larry Davis and Vernon Williams, you compile a list of their enemies.", "max_attempts": 0, "value": 1, "category": "", "type": "standard", "state": "visible", "requirements": {"prerequisites": [10, 11]}}, {"id": 14, "name": "THE SECRETARY", "description": "Although they provided valuable information, they chose not to reveal their identity.\r\n\r\nHowever, protocol dictates that this case requires the agency to facilitate our helper in a witness protection program.\r\nTrack them down and see to it that the process goes smoothly.\r\n\r\nWho is Vernon Williams' emergency contact?\r\n", "max_attempts": 0, "value": 1, "category": "", "type": "standard", "state": "visible", "requirements": {"prerequisites": [11]}}, {"id": 15, "name": "PROXY", "description": "With suspicions mounting on Christopher Wade, you feel reassured that he was commanding all these murders.\r\n\r\nThe cyber-forensics division pulled through.\r\nThey recovered this email from Johnson's personal account:\r\n\r\n_I understand your animosity towards Henry. After all, he usurped the company you built right after the fight. I believe that regardless of the good that came of out of Callidr, a lot bad happened._\r\n\r\n_Your selfish choice to leave the company put Henry in charge. If he is taken out, we could regain control and set things right. He is the one to blame._\r\n\r\n_What is the cost of one life against potentially endless others? I am telling you this because you consider me your mentor. I wouldn't have bothered if it was someone else._\r\n\r\n_Contact LorenaAbernathy841. They don't miss._\r\n\r\n_You know what must be done._\r\n_Christopher Wade_\r\n_CEO & Chairman, Wade Industries._\r\n\r\nDid Johnson really do Wade's dirty work?\r\n\r\nIt might be in our best interest to look into _LorenaAbernathy841_.\r\nWho else have they worked with?\r\n", "max_attempts": 0, "value": 1, "category": "", "type": "standard", "state": "visible", "requirements": {"prerequisites": [13]}}, {"id": 16, "name": "PROXY", "description": "With suspicions mounting on Christopher Wade, you feel reassured that he was commanding all these murders.\r\n\r\nThe cyber-forensics division pulled through.\r\nThey recovered this email from Johnson's personal account:\r\n\r\n_I understand your animosity towards Henry. After all, he usurped the company you built right after the fight. I believe that regardless of the good that came of out of Callidr, a lot bad happened._\r\n\r\n_Your selfish choice to leave the company put Henry in charge. If he is taken out, we could regain control and set things right. He is the one to blame._\r\n\r\n_What is the cost of one life against potentially endless others? I am telling you this because you consider me your mentor. I wouldn't have bothered if it was someone else._\r\n\r\n_Contact LorenaAbernathy841. They don't miss._\r\n\r\n_You know what must be done._\r\n_Christopher Wade_\r\n_CEO & Chairman, Wade Industries._\r\n\r\nDid Johnson really do Wade's dirty work?\r\n\r\nIt might be in our best interest to look into _LorenaAbernathy841_.\r\nWho else have they worked with?\r\n", "max_attempts": 0, "value": 1, "category": "", "type": "standard", "state": "hidden", "requirements": {"prerequisites": [13]}}], "meta": {}}