{"count": 11, "results": [{"id": 1, "type": "challenge", "location": "3098705d73a38ad2e3d04ef8003baa9e/yellow-pages.txt", "challenge_id": 1, "page_id": null}, {"id": 2, "type": "challenge", "location": "0b3e00912cedf1343ec583dc46a1d22b/courses.txt", "challenge_id": 4, "page_id": null}, {"id": 3, "type": "challenge", "location": "23dc727c0e37be9e705d006b07f54e13/logs.txt", "challenge_id": 5, "page_id": null}, {"id": 4, "type": "challenge", "location": "84eb10a6cdacbae54ece49734de16404/contacts.txt", "challenge_id": 6, "page_id": null}, {"id": 5, "type": "challenge", "location": "82c3ce5624447acc1497743d18d9d622/yellow-pages.txt", "challenge_id": 6, "page_id": null}, {"id": 6, "type": "challenge", "location": "efbee5a957d20b2e6b16d0676ea72b5c/logs.txt", "challenge_id": 8, "page_id": null}, {"id": 7, "type": "challenge", "location": "7209ce82e11786ec3ebdf35652de0775/yellow-pages.txt", "challenge_id": 12, "page_id": null}, {"id": 8, "type": "challenge", "location": "dd36cabda3f0a353f1cacf3d9790ceae/ld.txt", "challenge_id": 13, "page_id": null}, {"id": 9, "type": "challenge", "location": "7a373952b2cf5a44ff7a7b13d124acf2/vw.txt", "challenge_id": 13, "page_id": null}, {"id": 10, "type": "challenge", "location": "6b0291734d6639fcfdca474d925e7619/yellow-pages.txt", "challenge_id": 14, "page_id": null}, {"id": 11, "type": "challenge", "location": "fe9be6fc9dbbd27eeeeb56b2b7d59c41/logs.txt", "challenge_id": 16, "page_id": null}], "meta": {}}