{"count": 18, "results": [{"id": 1, "challenge_id": 1, "type": "static", "content": "052-830-0335", "data": ""}, {"id": 2, "challenge_id": 2, "type": "static", "content": "df8b2dbf1db68daa315ab22e04677e6f", "data": "case_insensitive"}, {"id": 3, "challenge_id": 2, "type": "static", "content": "1672ac06bfcc537266c679f7d7f9f76a", "data": "case_insensitive"}, {"id": 4, "challenge_id": 3, "type": "static", "content": "153", "data": ""}, {"id": 5, "challenge_id": 4, "type": "static", "content": "JAP N1000T", "data": "case_insensitive"}, {"id": 6, "challenge_id": 5, "type": "static", "content": "maid", "data": "case_insensitive"}, {"id": 7, "challenge_id": 6, "type": "static", "content": "Carolyn Miller", "data": "case_insensitive"}, {"id": 8, "challenge_id": 7, "type": "static", "content": "06 5360757", "data": ""}, {"id": 9, "challenge_id": 8, "type": "static", "content": "LorenaAbernathy841", "data": ""}, {"id": 10, "challenge_id": 9, "type": "static", "content": "Harvesting Energy from Microorganisms using a Microbial Fuel Cell", "data": "case_insensitive"}, {"id": 11, "challenge_id": 10, "type": "static", "content": "Golden Canna", "data": "case_insensitive"}, {"id": 12, "challenge_id": 11, "type": "static", "content": "800 5464", "data": ""}, {"id": 13, "challenge_id": 12, "type": "static", "content": "Mary Graham", "data": "case_insensitive"}, {"id": 14, "challenge_id": 13, "type": "static", "content": "Christopher Wade", "data": "case_insensitive"}, {"id": 15, "challenge_id": 14, "type": "static", "content": "Elizabeth Taylor", "data": "case_insensitive"}, {"id": 16, "challenge_id": 16, "type": "static", "content": "AjaxTheGreat", "data": ""}, {"id": 17, "challenge_id": 15, "type": "static", "content": "AjaxTheGreat", "data": null}, {"id": 18, "challenge_id": 4, "type": "static", "content": "JAP N101T", "data": null}], "meta": {}}