{"count": 4, "results": [{"id": 1, "title": "=> SMELLS LIKE A NEW CASE", "content": "Responses must match the format they are presented in the file/location", "date": "2020-02-11T08:36:59.096278", "user_id": null, "team_id": null}, {"id": 2, "title": "=> ALL CHALLENGES", "content": "The rules indirectly state to use depth first traversal", "date": "2020-02-11T08:47:06.269233", "user_id": null, "team_id": null}, {"id": 3, "title": "=> SIERRA", "content": "Come to 108 should you need to reset your credentials", "date": "2020-02-11T08:48:39.932122", "user_id": null, "team_id": null}, {"id": 4, "title": "=> OFFENDER", "content": "https://www.youtube.com/watch?v=neB1S0UPJFw", "date": "2020-02-11T09:39:46.401714", "user_id": null, "team_id": null}], "meta": {}}