{"count": 2, "results": [{"id": 1, "title": "Home", "route": "index", "content": "<div class=\"row\">\r\n    <div class=\"col-md-6 offset-md-3\">\r\n    \t<h2 class=\"text-center mt-5\">Welcome Agents!</h2>\r\n        <h3 class=\"text-center mt-5\">\r\n            <p>A crime scene investigation game built by the folks at <a href=\"https://acmbpdc.org\">ACM BPDC</a></p>\r\n            <p>Follow us on social media:</p>\r\n            <a href=\"https://instagram.com/acmbpdc\"><i class=\"fab fa-instagram fa-2x\" aria-hidden=\"true\"></i></a>&nbsp;\r\n            <a href=\"https://facebook.com/bpdcacm\"><i class=\"fab fa-facebook fa-2x\" aria-hidden=\"true\"></i></a>&nbsp;\r\n            <a href=\"https://github.com/acmbpdc\"><i class=\"fab fa-github fa-2x\" aria-hidden=\"true\"></i></a>\r\n        </h3>\r\n        <br>\r\n        <h4 class=\"text-center mt-5\">\r\n            <a href=\"register\">Click here to register!</a>\r\n        </h4>\r\n    </div>\r\n</div>", "draft": false, "hidden": false, "auth_required": false}, {"id": 2, "title": "Rules", "route": "rules", "content": "<div class=\"container mt-5 pb-5\">\r\n<h1 class=\"text-center\">Rules</h1>\r\n<h2 id=\"players\" class=\"mt-5 mb-2\">Players</h2>\r\n\r\n<ul>\r\n<li>Register with your <strong>institute email address</strong></li>\r\n\r\n<li>Each team will have <strong>2 players</strong>.</li>\r\n\r\n<li>One player <strong>plays from a workstation</strong> in the lab while another <strong>plays around the campus</strong>.</li>\r\n\r\n<li>Players <strong>cannot swap roles</strong>.</li>\r\n\r\n<li>The <strong>captain</strong> of the team (owner/ creator) is by default the player at the workstation.</li>\r\n\r\n<li>Join your partners team by exchanging the <strong>team name</strong> and <strong>team password</strong></li>\r\n</ul>\r\n\r\n<h2 id=\"team\" class=\"mt-5 mb-2\">Team</h2>\r\n\r\n<p>Players in a team can use <strong>any means of communication</strong> among themselves.</p>\r\n\r\n<h2 id=\"challenges\" class=\"mt-5 mb-2\">Challenges</h2>\r\n\r\n<ul>\r\n<li>Each challenge has a <strong>clue</strong> to help you solve a certain aspect of the mystery.</li>\r\n\r\n<li>Challenges, once solved, make more challenges available.</li>\r\n\r\n<li>At the start, only one simple challenge is open.</li>\r\n\r\n<li>To complete the game, a team must complete <strong>one particular challenge</strong>.</li>\r\n\r\n<li>A team is scored based on how close <strong>they came to the winning challenge</strong> (eg: 1 challenge away is preferred over 2 challenges away).</li>\r\n\r\n<li>Ties are settled based on the following criteria:\r\n\r\n\r\n<ul>\r\n<li>If two teams have the <strong>same depth</strong> from the final challenge, the team with more <strong>solved challenges</strong> is preferred.</li>\r\n\r\n<li>If two teams have an <strong>equal number of challenges solved</strong>, the team who submitted their <strong>last correct response earlier</strong> is preferred.</li></ul>\r\n</li>\r\n</ul>\r\n\r\n<h2 id=\"responses\" class=\"mt-5 mb-2\">Responses</h2>\r\n\r\n<ul>\r\n<li>Responses are usually case sensitive. It is advised to try all combinations.</li>\r\n\r\n<li>There is no restriction on the number of responses.</li>\r\n</ul>\r\n</div>", "draft": false, "hidden": false, "auth_required": false}], "meta": {}}