{"count": 151, "results": [{"id": 12, "challenge_id": 1, "user_id": 2, "team_id": 2}, {"id": 28, "challenge_id": 1, "user_id": 13, "team_id": 7}, {"id": 39, "challenge_id": 1, "user_id": 16, "team_id": 10}, {"id": 40, "challenge_id": 4, "user_id": 2, "team_id": 2}, {"id": 47, "challenge_id": 1, "user_id": 7, "team_id": 4}, {"id": 48, "challenge_id": 1, "user_id": 9, "team_id": 5}, {"id": 49, "challenge_id": 3, "user_id": 2, "team_id": 2}, {"id": 52, "challenge_id": 1, "user_id": 20, "team_id": 11}, {"id": 53, "challenge_id": 3, "user_id": 16, "team_id": 10}, {"id": 55, "challenge_id": 3, "user_id": 13, "team_id": 7}, {"id": 65, "challenge_id": 6, "user_id": 2, "team_id": 2}, {"id": 66, "challenge_id": 4, "user_id": 13, "team_id": 7}, {"id": 67, "challenge_id": 1, "user_id": 18, "team_id": 6}, {"id": 72, "challenge_id": 4, "user_id": 16, "team_id": 10}, {"id": 73, "challenge_id": 6, "user_id": 13, "team_id": 7}, {"id": 76, "challenge_id": 6, "user_id": 16, "team_id": 10}, {"id": 77, "challenge_id": 3, "user_id": 20, "team_id": 11}, {"id": 78, "challenge_id": 2, "user_id": 18, "team_id": 6}, {"id": 89, "challenge_id": 8, "user_id": 16, "team_id": 10}, {"id": 95, "challenge_id": 2, "user_id": 7, "team_id": 4}, {"id": 98, "challenge_id": 4, "user_id": 3, "team_id": 6}, {"id": 101, "challenge_id": 8, "user_id": 13, "team_id": 7}, {"id": 103, "challenge_id": 2, "user_id": 9, "team_id": 5}, {"id": 105, "challenge_id": 2, "user_id": 13, "team_id": 7}, {"id": 109, "challenge_id": 2, "user_id": 16, "team_id": 10}, {"id": 114, "challenge_id": 5, "user_id": 16, "team_id": 10}, {"id": 115, "challenge_id": 6, "user_id": 3, "team_id": 6}, {"id": 116, "challenge_id": 5, "user_id": 8, "team_id": 4}, {"id": 117, "challenge_id": 1, "user_id": 14, "team_id": 9}, {"id": 118, "challenge_id": 5, "user_id": 13, "team_id": 7}, {"id": 119, "challenge_id": 5, "user_id": 11, "team_id": 5}, {"id": 132, "challenge_id": 2, "user_id": 20, "team_id": 11}, {"id": 141, "challenge_id": 9, "user_id": 3, "team_id": 6}, {"id": 145, "challenge_id": 2, "user_id": 14, "team_id": 9}, {"id": 150, "challenge_id": 1, "user_id": 23, "team_id": 13}, {"id": 169, "challenge_id": 8, "user_id": 2, "team_id": 2}, {"id": 170, "challenge_id": 9, "user_id": 16, "team_id": 10}, {"id": 181, "challenge_id": 11, "user_id": 13, "team_id": 7}, {"id": 183, "challenge_id": 11, "user_id": 16, "team_id": 10}, {"id": 184, "challenge_id": 8, "user_id": 18, "team_id": 6}, {"id": 205, "challenge_id": 11, "user_id": 18, "team_id": 6}, {"id": 224, "challenge_id": 7, "user_id": 9, "team_id": 5}, {"id": 233, "challenge_id": 7, "user_id": 13, "team_id": 7}, {"id": 234, "challenge_id": 7, "user_id": 7, "team_id": 4}, {"id": 235, "challenge_id": 3, "user_id": 23, "team_id": 13}, {"id": 237, "challenge_id": 7, "user_id": 16, "team_id": 10}, {"id": 242, "challenge_id": 13, "user_id": 18, "team_id": 6}, {"id": 246, "challenge_id": 11, "user_id": 2, "team_id": 2}, {"id": 253, "challenge_id": 4, "user_id": 23, "team_id": 13}, {"id": 255, "challenge_id": 15, "user_id": 18, "team_id": 6}, {"id": 263, "challenge_id": 14, "user_id": 16, "team_id": 10}, {"id": 267, "challenge_id": 6, "user_id": 23, "team_id": 13}, {"id": 280, "challenge_id": 14, "user_id": 3, "team_id": 6}, {"id": 281, "challenge_id": 14, "user_id": 10, "team_id": 7}, {"id": 290, "challenge_id": 13, "user_id": 10, "team_id": 7}, {"id": 297, "challenge_id": 8, "user_id": 9, "team_id": 5}, {"id": 298, "challenge_id": 8, "user_id": 7, "team_id": 4}, {"id": 300, "challenge_id": 13, "user_id": 2, "team_id": 2}, {"id": 303, "challenge_id": 13, "user_id": 16, "team_id": 10}, {"id": 307, "challenge_id": 10, "user_id": 2, "team_id": 2}, {"id": 315, "challenge_id": 5, "user_id": 18, "team_id": 6}, {"id": 319, "challenge_id": 15, "user_id": 10, "team_id": 7}, {"id": 361, "challenge_id": 9, "user_id": 10, "team_id": 7}, {"id": 364, "challenge_id": 10, "user_id": 7, "team_id": 4}, {"id": 368, "challenge_id": 10, "user_id": 9, "team_id": 5}, {"id": 370, "challenge_id": 15, "user_id": 2, "team_id": 2}, {"id": 371, "challenge_id": 15, "user_id": 16, "team_id": 10}, {"id": 372, "challenge_id": 5, "user_id": 14, "team_id": 9}, {"id": 386, "challenge_id": 1, "user_id": 1, "team_id": 1}, {"id": 392, "challenge_id": 2, "user_id": 1, "team_id": 1}, {"id": 395, "challenge_id": 3, "user_id": 1, "team_id": 1}, {"id": 397, "challenge_id": 10, "user_id": 10, "team_id": 7}, {"id": 401, "challenge_id": 4, "user_id": 1, "team_id": 1}, {"id": 403, "challenge_id": 2, "user_id": 23, "team_id": 13}, {"id": 404, "challenge_id": 6, "user_id": 1, "team_id": 1}, {"id": 405, "challenge_id": 10, "user_id": 16, "team_id": 10}, {"id": 407, "challenge_id": 5, "user_id": 1, "team_id": 1}, {"id": 408, "challenge_id": 7, "user_id": 1, "team_id": 1}, {"id": 415, "challenge_id": 8, "user_id": 1, "team_id": 1}, {"id": 423, "challenge_id": 4, "user_id": 7, "team_id": 4}, {"id": 426, "challenge_id": 9, "user_id": 1, "team_id": 1}, {"id": 427, "challenge_id": 10, "user_id": 1, "team_id": 1}, {"id": 428, "challenge_id": 11, "user_id": 1, "team_id": 1}, {"id": 429, "challenge_id": 12, "user_id": 1, "team_id": 1}, {"id": 431, "challenge_id": 13, "user_id": 1, "team_id": 1}, {"id": 438, "challenge_id": 15, "user_id": 1, "team_id": 1}, {"id": 440, "challenge_id": 14, "user_id": 1, "team_id": 1}, {"id": 459, "challenge_id": 2, "user_id": 2, "team_id": 2}, {"id": 462, "challenge_id": 12, "user_id": 16, "team_id": 10}, {"id": 463, "challenge_id": 12, "user_id": 9, "team_id": 5}, {"id": 464, "challenge_id": 12, "user_id": 7, "team_id": 4}, {"id": 465, "challenge_id": 12, "user_id": 10, "team_id": 7}, {"id": 469, "challenge_id": 3, "user_id": 18, "team_id": 6}, {"id": 479, "challenge_id": 5, "user_id": 19, "team_id": 11}, {"id": 482, "challenge_id": 10, "user_id": 18, "team_id": 6}, {"id": 486, "challenge_id": 1, "user_id": 26, "team_id": 16}, {"id": 487, "challenge_id": 4, "user_id": 19, "team_id": 11}, {"id": 488, "challenge_id": 6, "user_id": 7, "team_id": 4}, {"id": 489, "challenge_id": 5, "user_id": 2, "team_id": 2}, {"id": 493, "challenge_id": 4, "user_id": 9, "team_id": 5}, {"id": 507, "challenge_id": 3, "user_id": 7, "team_id": 4}, {"id": 508, "challenge_id": 3, "user_id": 9, "team_id": 5}, {"id": 509, "challenge_id": 3, "user_id": 14, "team_id": 9}, {"id": 510, "challenge_id": 6, "user_id": 9, "team_id": 5}, {"id": 511, "challenge_id": 2, "user_id": 26, "team_id": 16}, {"id": 512, "challenge_id": 12, "user_id": 18, "team_id": 6}, {"id": 518, "challenge_id": 7, "user_id": 18, "team_id": 6}, {"id": 526, "challenge_id": 3, "user_id": 26, "team_id": 16}, {"id": 527, "challenge_id": 8, "user_id": 14, "team_id": 9}, {"id": 530, "challenge_id": 7, "user_id": 2, "team_id": 2}, {"id": 534, "challenge_id": 6, "user_id": 19, "team_id": 11}, {"id": 538, "challenge_id": 4, "user_id": 26, "team_id": 16}, {"id": 540, "challenge_id": 12, "user_id": 2, "team_id": 2}, {"id": 544, "challenge_id": 14, "user_id": 2, "team_id": 2}, {"id": 551, "challenge_id": 13, "user_id": 7, "team_id": 4}, {"id": 552, "challenge_id": 13, "user_id": 9, "team_id": 5}, {"id": 553, "challenge_id": 5, "user_id": 26, "team_id": 16}, {"id": 554, "challenge_id": 15, "user_id": 9, "team_id": 5}, {"id": 555, "challenge_id": 10, "user_id": 14, "team_id": 9}, {"id": 556, "challenge_id": 13, "user_id": 14, "team_id": 9}, {"id": 558, "challenge_id": 1, "user_id": 27, "team_id": 14}, {"id": 559, "challenge_id": 15, "user_id": 7, "team_id": 4}, {"id": 566, "challenge_id": 6, "user_id": 26, "team_id": 16}, {"id": 593, "challenge_id": 9, "user_id": 9, "team_id": 5}, {"id": 598, "challenge_id": 11, "user_id": 9, "team_id": 5}, {"id": 599, "challenge_id": 9, "user_id": 7, "team_id": 4}, {"id": 605, "challenge_id": 11, "user_id": 7, "team_id": 4}, {"id": 636, "challenge_id": 15, "user_id": 14, "team_id": 9}, {"id": 640, "challenge_id": 4, "user_id": 27, "team_id": 14}, {"id": 644, "challenge_id": 14, "user_id": 9, "team_id": 5}, {"id": 645, "challenge_id": 14, "user_id": 7, "team_id": 4}, {"id": 653, "challenge_id": 4, "user_id": 14, "team_id": 9}, {"id": 654, "challenge_id": 3, "user_id": 27, "team_id": 14}, {"id": 677, "challenge_id": 2, "user_id": 27, "team_id": 14}, {"id": 682, "challenge_id": 12, "user_id": 14, "team_id": 9}, {"id": 683, "challenge_id": 5, "user_id": 27, "team_id": 14}, {"id": 688, "challenge_id": 6, "user_id": 27, "team_id": 14}, {"id": 691, "challenge_id": 8, "user_id": 26, "team_id": 16}, {"id": 696, "challenge_id": 8, "user_id": 19, "team_id": 11}, {"id": 698, "challenge_id": 8, "user_id": 23, "team_id": 13}, {"id": 721, "challenge_id": 11, "user_id": 14, "team_id": 9}, {"id": 723, "challenge_id": 10, "user_id": 26, "team_id": 16}, {"id": 724, "challenge_id": 10, "user_id": 19, "team_id": 11}, {"id": 737, "challenge_id": 8, "user_id": 27, "team_id": 14}, {"id": 739, "challenge_id": 12, "user_id": 19, "team_id": 11}, {"id": 742, "challenge_id": 13, "user_id": 19, "team_id": 11}, {"id": 749, "challenge_id": 13, "user_id": 26, "team_id": 16}, {"id": 757, "challenge_id": 11, "user_id": 19, "team_id": 11}, {"id": 760, "challenge_id": 12, "user_id": 26, "team_id": 16}, {"id": 762, "challenge_id": 11, "user_id": 26, "team_id": 16}, {"id": 781, "challenge_id": 15, "user_id": 19, "team_id": 11}], "meta": {}}