{"count": 14, "results": [{"id": 1, "oauth_id": null, "name": "team-admin", "email": null, "password": "$bcrypt-sha256$2b,12$7wWLC0BZRl1/Ek2N1dNjqu$PrY3A6N1d0xDn4hlY/j5TXeTLj8q586", "secret": null, "website": null, "affiliation": null, "country": null, "bracket": null, "hidden": false, "banned": false, "captain_id": 1, "created": "2020-02-11T04:07:19.027346"}, {"id": 2, "oauth_id": null, "name": "DgenX", "email": null, "password": "$bcrypt-sha256$2b,12$PsARCJxW3WdKm9WKlTFhR.$jAJqxovf5fDyPhorCBxVCbZ4lEZ7mba", "secret": null, "website": null, "affiliation": null, "country": null, "bracket": null, "hidden": false, "banned": false, "captain_id": 2, "created": "2020-02-11T08:14:42.786818"}, {"id": 4, "oauth_id": null, "name": "4X4", "email": null, "password": "$bcrypt-sha256$2b,12$N155GEJqzkljlUD0YXW8XO$411n49DBU9RUUgGqlEfpxVCd9WhAHf6", "secret": null, "website": null, "affiliation": null, "country": null, "bracket": null, "hidden": false, "banned": false, "captain_id": 7, "created": "2020-02-11T08:16:30.262601"}, {"id": 5, "oauth_id": null, "name": "snakes", "email": null, "password": "$bcrypt-sha256$2b,12$/KAM5KBsoG28qPkQs/wdgu$8gNH9mxQfCoweFtIyRw1Tp4vu5lO2Sy", "secret": null, "website": null, "affiliation": null, "country": null, "bracket": null, "hidden": false, "banned": false, "captain_id": 9, "created": "2020-02-11T08:17:18.122596"}, {"id": 6, "oauth_id": null, "name": "The Dark Army", "email": null, "password": "$bcrypt-sha256$2b,12$jSEV2Yq24QoeNSQUIlZiIu$k2yZ5MpvdB5lVIAloz0aEdXoGXrk6LW", "secret": null, "website": null, "affiliation": null, "country": null, "bracket": null, "hidden": false, "banned": false, "captain_id": 3, "created": "2020-02-11T08:17:54.983656"}, {"id": 7, "oauth_id": null, "name": "balrajbois", "email": null, "password": "$bcrypt-sha256$2b,12$Z4RvZelB5xvamfwuoYLW0.$C/ZsIivU4q6/61TsLOU5bXZHt31.41y", "secret": null, "website": null, "affiliation": null, "country": null, "bracket": null, "hidden": false, "banned": false, "captain_id": 10, "created": "2020-02-11T08:18:19.391483"}, {"id": 9, "oauth_id": null, "name": "death squad", "email": null, "password": "$bcrypt-sha256$2b,12$vWl9IkGkM1HbV7bZrNvlxu$pCcSHuHVjojjMk6fr7r0NksikxnmlKW", "secret": null, "website": null, "affiliation": null, "country": null, "bracket": null, "hidden": false, "banned": false, "captain_id": 14, "created": "2020-02-11T08:23:20.666929"}, {"id": 10, "oauth_id": null, "name": "panda", "email": null, "password": "$bcrypt-sha256$2b,12$dk6/5B1QfjucsvF61l9Ao.$J9G0kyD2N07i5dzqCL4HUr3zCP18lFy", "secret": null, "website": null, "affiliation": null, "country": null, "bracket": null, "hidden": false, "banned": false, "captain_id": 15, "created": "2020-02-11T08:24:04.103779"}, {"id": 11, "oauth_id": null, "name": "pikapikachuchu", "email": null, "password": "$bcrypt-sha256$2b,12$Q7YBVIw8G8ZQIggxPdSawO$hRDPZeUZ01oNOwz8u9ZGY2G4e1YCrKq", "secret": null, "website": null, "affiliation": null, "country": null, "bracket": null, "hidden": false, "banned": false, "captain_id": 20, "created": "2020-02-11T08:27:10.174828"}, {"id": 12, "oauth_id": null, "name": "vynk2", "email": null, "password": "$bcrypt-sha256$2b,12$1Ma4uKtS4.kppyrXt47FE.$XLpODDyvE/fi/0b3O1f07axvQCaUeVy", "secret": null, "website": null, "affiliation": null, "country": null, "bracket": null, "hidden": false, "banned": false, "captain_id": 17, "created": "2020-02-11T08:29:21.715342"}, {"id": 13, "oauth_id": null, "name": "THOMPSON & THOMSON", "email": null, "password": "$bcrypt-sha256$2b,12$NzzCeb9AvM6K9NaA9.k81e$owK/nQrIySGfGo5iBL4S3kRPKJS6Aqm", "secret": null, "website": null, "affiliation": null, "country": null, "bracket": null, "hidden": false, "banned": false, "captain_id": 22, "created": "2020-02-11T08:55:21.207644"}, {"id": 14, "oauth_id": null, "name": "gangang", "email": null, "password": "$bcrypt-sha256$2b,12$gi/50SrNNhXQ5S6iIiIVdu$2F.MUq2PoCBU8nT.xeNiB9bg5LSaU/O", "secret": null, "website": null, "affiliation": null, "country": null, "bracket": null, "hidden": false, "banned": false, "captain_id": 24, "created": "2020-02-11T10:07:40.687667"}, {"id": 15, "oauth_id": null, "name": "losers", "email": null, "password": "$bcrypt-sha256$2b,12$4r04wu1bAp363khw23QNQ.$5BwaR2sHh3RhICCTr2f8qQ30Rl63Uza", "secret": null, "website": null, "affiliation": null, "country": null, "bracket": null, "hidden": false, "banned": false, "captain_id": 25, "created": "2020-02-11T10:07:47.338817"}, {"id": 16, "oauth_id": null, "name": "wow", "email": null, "password": "$bcrypt-sha256$2b,12$rentkYmKtUVROXIuNjf1Ue$UepK1IHWcYp/9q.dpfS0hzlnYMcwwZG", "secret": null, "website": null, "affiliation": null, "country": null, "bracket": null, "hidden": false, "banned": false, "captain_id": 25, "created": "2020-02-11T10:07:53.554801"}], "meta": {}}