{"count": 24, "results": [{"id": 1, "oauth_id": null, "name": "admin", "password": "$bcrypt-sha256$2b,12$oP9bbAqSnfJwcmZIyli6bO$Eu0vDAJ2Krbq9Hy0RaCjB7aJvtsYKFW", "email": "f20160006@dubai.bits-pilani.ac.in", "type": "admin", "secret": null, "website": null, "affiliation": null, "country": null, "bracket": null, "hidden": true, "banned": false, "verified": false, "team_id": 1, "created": "2020-02-11T04:04:15.276611"}, {"id": 2, "oauth_id": null, "name": "Mfg", "password": "$bcrypt-sha256$2b,12$oMVrvn3DTAnK/3uZ6whn0.$TpZCPx0xNczepk6c5UKekVBeQzfxmOy", "email": "f20180265@dubai.bits-pilani.ac.in", "type": "user", "secret": null, "website": null, "affiliation": null, "country": null, "bracket": null, "hidden": false, "banned": false, "verified": false, "team_id": 2, "created": "2020-02-11T08:14:14.651117"}, {"id": 3, "oauth_id": null, "name": "BabaYaga", "password": "$bcrypt-sha256$2b,12$gHGy2x8pG/m4zBnYNO5diO$pw3WGJ2n.Sj1I4WHLvDpe1V248xF51u", "email": "f20180131@dubai.bits-pilani.ac.in", "type": "user", "secret": null, "website": null, "affiliation": null, "country": null, "bracket": null, "hidden": false, "banned": false, "verified": false, "team_id": 6, "created": "2020-02-11T08:14:47.126681"}, {"id": 6, "oauth_id": null, "name": "meshak", "password": "$bcrypt-sha256$2b,12$7opPo0wd57uEnw98YtQ4V.$5J560TVlbyvu.leNPaw.fydXOXrngKi", "email": "f20180033@dubai.bits-pilani.ac.in", "type": "user", "secret": null, "website": null, "affiliation": null, "country": null, "bracket": null, "hidden": false, "banned": false, "verified": false, "team_id": 2, "created": "2020-02-11T08:15:31.204451"}, {"id": 7, "oauth_id": null, "name": "waqeem0312", "password": "$bcrypt-sha256$2b,12$G.ZoCOz/bPapcQkqlX1NJO$wDz6SoxOZMmnVQ8WPMD1FW6srF0ZBRC", "email": "f20160046@dubai.bits-pilani.ac.in", "type": "user", "secret": null, "website": null, "affiliation": null, "country": null, "bracket": null, "hidden": false, "banned": false, "verified": false, "team_id": 4, "created": "2020-02-11T08:15:52.642583"}, {"id": 8, "oauth_id": null, "name": "GokuMUI", "password": "$bcrypt-sha256$2b,12$QKHWwzUlK7qbruRdIJQ.f.$bbLCko.wzv/DJL4s/6FPhkpzPemR/8W", "email": "f20160255@dubai.bits-pilani.ac.in", "type": "user", "secret": null, "website": null, "affiliation": null, "country": null, "bracket": null, "hidden": false, "banned": false, "verified": false, "team_id": 4, "created": "2020-02-11T08:16:23.539954"}, {"id": 9, "oauth_id": null, "name": "anushka", "password": "$bcrypt-sha256$2b,12$J9ZgHRswjQGHuBBhWUlBo.$.CulRisk4COPdYSfiV0scTEmRfaXxdS", "email": "f20170233@dubai.bits-pilani.ac.in", "type": "user", "secret": null, "website": null, "affiliation": null, "country": null, "bracket": null, "hidden": false, "banned": false, "verified": false, "team_id": 5, "created": "2020-02-11T08:16:51.866818"}, {"id": 10, "oauth_id": null, "name": "balrajpoply", "password": "$bcrypt-sha256$2b,12$RPxBzIvTADejXkvyOYqy2e$YlT9zZ.bB1Fc64Qp.Fv/JinqhfGFkgC", "email": "f20160904@dubai.bits-pilani.ac.in", "type": "user", "secret": null, "website": null, "affiliation": null, "country": null, "bracket": null, "hidden": false, "banned": false, "verified": false, "team_id": 7, "created": "2020-02-11T08:17:54.957258"}, {"id": 11, "oauth_id": null, "name": "Minnah", "password": "$bcrypt-sha256$2b,12$cTnSf6c38UKKdY45qGx67e$4xfir1gWb8csD7wsDDwg.9Shv12VCEK", "email": "f20160186@dubai.bits-pilani.ac.in", "type": "user", "secret": null, "website": null, "affiliation": null, "country": null, "bracket": null, "hidden": false, "banned": false, "verified": false, "team_id": 5, "created": "2020-02-11T08:18:18.948179"}, {"id": 13, "oauth_id": null, "name": "neelampoply", "password": "$bcrypt-sha256$2b,12$5hX.uEqF5RQ3DlM529ESQ.$yNyGZTRI1sEgCG2XSofvRo.CedWXBOy", "email": "f20170209@dubai.bits-pilani.ac.in", "type": "user", "secret": null, "website": null, "affiliation": null, "country": null, "bracket": null, "hidden": false, "banned": false, "verified": false, "team_id": 7, "created": "2020-02-11T08:22:17.214953"}, {"id": 14, "oauth_id": null, "name": "sumeet", "password": "$bcrypt-sha256$2b,12$FZsr.qM1MBoXhLfsMvQIYe$yXDDnjHoVbLgnR5Wj2eCA1ZuJjzkx4a", "email": "f20180175@dubai.bits-pilani.ac.in", "type": "user", "secret": null, "website": null, "affiliation": null, "country": null, "bracket": null, "hidden": false, "banned": false, "verified": false, "team_id": 9, "created": "2020-02-11T08:22:44.326761"}, {"id": 15, "oauth_id": null, "name": "black_mamba", "password": "$bcrypt-sha256$2b,12$qKznbfxoGQvQxBAqcxO9/u$Cle6j.xJMPL5vm6CAszMOWFjyDUvSEG", "email": "f20170199@dubai.bits-pilani.ac.in", "type": "user", "secret": null, "website": null, "affiliation": null, "country": null, "bracket": null, "hidden": false, "banned": false, "verified": false, "team_id": 10, "created": "2020-02-11T08:23:50.913947"}, {"id": 16, "oauth_id": null, "name": "albino", "password": "$bcrypt-sha256$2b,12$FZfnOMreLTM0llI9p13/F.$aVAY2F3k5IjFN22nv5Npvf6gh6q8jzu", "email": "f20160104@dubai.bits-pilani.ac.in", "type": "user", "secret": null, "website": null, "affiliation": null, "country": null, "bracket": null, "hidden": false, "banned": false, "verified": false, "team_id": 10, "created": "2020-02-11T08:24:49.880191"}, {"id": 17, "oauth_id": null, "name": "vynk2", "password": "$bcrypt-sha256$2b,12$cb8G5G0YrJ.k/Bn8ok9JcO$PWWbf6Jq33kTtgrnCzMLv5EgYle6ngy", "email": "f20160081@dubai.bits-pilani.ac.in", "type": "user", "secret": null, "website": null, "affiliation": null, "country": null, "bracket": null, "hidden": false, "banned": false, "verified": false, "team_id": 12, "created": "2020-02-11T08:25:22.458688"}, {"id": 18, "oauth_id": null, "name": "Mr Robot", "password": "$bcrypt-sha256$2b,12$0VLRWC0EPGTHTgvachSB4O$m0/8lX2EREKMYYTRO.aN5HCzEo8j8M6", "email": "f20180173@dubai.bits-pilani.ac.in", "type": "user", "secret": null, "website": null, "affiliation": null, "country": null, "bracket": null, "hidden": false, "banned": false, "verified": false, "team_id": 6, "created": "2020-02-11T08:25:33.728221"}, {"id": 19, "oauth_id": null, "name": "Mardiyab", "password": "$bcrypt-sha256$2b,12$5YldzEBIhtVfYyVrTS6lNO$IGeWj/UrEDE.zukxRcrx2rlALxTO.dG", "email": "f20180257@dubai.bits-pilani.ac.in", "type": "user", "secret": null, "website": null, "affiliation": null, "country": null, "bracket": null, "hidden": false, "banned": false, "verified": false, "team_id": 11, "created": "2020-02-11T08:26:36.273924"}, {"id": 20, "oauth_id": null, "name": "sriya", "password": "$bcrypt-sha256$2b,12$sulPNIalSExanIDeDEdOee$vbmK/NddOyW1HFnlfFUrwYt4Xt7hG2u", "email": "f20180304@dubai.bits-pilani.ac.in", "type": "user", "secret": null, "website": null, "affiliation": null, "country": null, "bracket": null, "hidden": false, "banned": false, "verified": false, "team_id": 11, "created": "2020-02-11T08:26:51.319932"}, {"id": 21, "oauth_id": null, "name": "karyn", "password": "$bcrypt-sha256$2b,12$Q02o1SLwTyhg2pO7ysc4pe$ataHJfux/QRrDeZaTWix.s4UoI5FnQy", "email": "f20160301@dubai.bits-pilani.ac.in", "type": "user", "secret": null, "website": null, "affiliation": null, "country": null, "bracket": null, "hidden": false, "banned": false, "verified": false, "team_id": 12, "created": "2020-02-11T08:30:37.643976"}, {"id": 22, "oauth_id": null, "name": "Agent_anuj", "password": "$bcrypt-sha256$2b,12$17qJsWlrWl6fg0WrQvJXre$mhjbiSwOsbvaC2o4P49Cv7f3OPxLx1K", "email": "f20170111@dubai.bits-pilani.ac.in", "type": "user", "secret": null, "website": null, "affiliation": null, "country": null, "bracket": null, "hidden": false, "banned": false, "verified": false, "team_id": 13, "created": "2020-02-11T08:53:33.192466"}, {"id": 23, "oauth_id": null, "name": "Dheeraj T", "password": "$bcrypt-sha256$2b,12$j.0bx77u3ZmZVGOLISTLOO$dmAqdiCXIfiu71tRQtHt1MFo.oOKyqO", "email": "f20170301@dubai.bits-pilani.ac.in", "type": "user", "secret": null, "website": null, "affiliation": null, "country": null, "bracket": null, "hidden": false, "banned": false, "verified": false, "team_id": 13, "created": "2020-02-11T08:56:33.504368"}, {"id": 24, "oauth_id": null, "name": "ganggang", "password": "$bcrypt-sha256$2b,12$hjGYK2BvHr.gXD9gjXXoWe$uqqZP5n7DIBD2AiyVvPRrBrSgvx5iqK", "email": "f20180060@dubai.bits-pilani.ac.in", "type": "user", "secret": null, "website": null, "affiliation": null, "country": null, "bracket": null, "hidden": false, "banned": false, "verified": false, "team_id": 14, "created": "2020-02-11T10:07:08.895608"}, {"id": 25, "oauth_id": null, "name": "vaishnavi manoj", "password": "$bcrypt-sha256$2b,12$S3H31qeoiAOGYQtnPX/Q2e$DOFTkzbGEBnzANzQbMPE.4qQwMA/uxS", "email": "f20180224@dubai.bits-pilani.ac.in", "type": "user", "secret": null, "website": null, "affiliation": null, "country": null, "bracket": null, "hidden": false, "banned": false, "verified": false, "team_id": 16, "created": "2020-02-11T10:07:34.003669"}, {"id": 26, "oauth_id": null, "name": "yashika jamwal", "password": "$bcrypt-sha256$2b,12$lbzw3TsMHLUBATFeSchlge$7SQOCfZWe7t/r3uAnnW50kvelnuu10u", "email": "f20180037@dubai.bits-pilani.ac.in", "type": "user", "secret": null, "website": null, "affiliation": null, "country": null, "bracket": null, "hidden": false, "banned": false, "verified": false, "team_id": 16, "created": "2020-02-11T10:08:25.157050"}, {"id": 27, "oauth_id": null, "name": "ilikewatermelons", "password": "$bcrypt-sha256$2b,12$cWPOXZlMMxi3Ncv6UJ0C7u$bKKNG5q8x20m/ZExvnq6AWZ.XCE4cwO", "email": "f20180267@dubai.bits-pilani.ac.in", "type": "user", "secret": null, "website": null, "affiliation": null, "country": null, "bracket": null, "hidden": false, "banned": false, "verified": false, "team_id": 14, "created": "2020-02-11T10:08:31.968447"}], "meta": {}}